<PeripheralProject name="Peripheral-Server-0.0.1"
	description="Peripheral Server Installer">
	<PeripheralAction name="PeripheralCopyAction"
		description="Copying the ServiceInstaller folder"
		class="com.infogain.automation.installer.actions.PeripheralCopyAction"
		rollback="true" active="true" exitOnFail="true"
		peripheralSoftwareUpdatePhase="COPYDEPENDENCYPHASE" retryCount="1">
		<PeripheralProperty propname="srcPath"
			propvalue="${fastest.installer.installerLocation}\\serviceInstaller">
		</PeripheralProperty>
		<PeripheralProperty propname="destPath"
			propvalue="${fastest.installer.installationLocation}\\serviceInstaller\\">
		</PeripheralProperty>
		<PeripheralProperty
			propname="createDirIfNotPresent" propvalue="true">
		</PeripheralProperty>
		<PeripheralProperty
			propname="deleteSourceDirectory" propvalue="false">
		</PeripheralProperty>
		<PeripheralProperty propname="backUpDestination"
			propvalue="true">
		</PeripheralProperty>
	</PeripheralAction>
	<PeripheralAction
		name="PeripheralSearchAndCopyFileAction"
		description="Search and Copy fastest jar from installer location to installation location"
		class="com.infogain.automation.installer.actions.PeripheralSearchAndCopyFileAction"
		rollback="true" active="true" exitOnFail="true"
		peripheralSoftwareUpdatePhase="COPYDEPENDENCYPHASE" retryCount="1">
		<PeripheralProperty propname="searchLocation"
			propvalue="${fastest.installer.installerLocation}\\lib\\">
		</PeripheralProperty>
		<PeripheralProperty propname="destPath"
			propvalue="${fastest.installer.installationLocation}\\lib\\">
		</PeripheralProperty>
		<PeripheralProperty propname="fileSearchTerm"
			propvalue="fastest">
		</PeripheralProperty>
		<PeripheralProperty propname="fileSearchExtension"
			propvalue=".jar">
		</PeripheralProperty>
		<PeripheralProperty
			propname="createDirIfNotPresent" propvalue="true">
		</PeripheralProperty>
		<PeripheralProperty
			propname="deleteSourceDirectory" propvalue="false">
		</PeripheralProperty>
		<PeripheralProperty propname="backUpDestination"
			propvalue="true">
		</PeripheralProperty>
	</PeripheralAction>
	
		<PeripheralAction
		name="PeripheralCopyResourceFromJarAction"
		description="Copying database folder from JAR file to a separate location"
		class="com.infogain.automation.installer.actions.PeripheralCopyResourceFromJarAction"
		rollback="true" active="true" exitOnFail="true"
		peripheralSoftwareUpdatePhase="COPYDEPENDENCYPHASE" retryCount="1">
		<PeripheralProperty propname="jarLoc"
			propvalue="${fastest.installer.installerLocation}\\lib\\">
		</PeripheralProperty>
		<PeripheralProperty propname="dllLocInJar"
			propvalue="BOOT-INF/classes/fastest-resources.zip">
		</PeripheralProperty>
		<PeripheralProperty propname="zippedLoc"
			propvalue="${fastest.installer.installationLocation}\\lib\\fastest-resources.zip">
		</PeripheralProperty>
		<PeripheralProperty propname="jarName"
			propvalue="fastest">
		</PeripheralProperty>
	</PeripheralAction>
	<PeripheralAction name="PeripheralUnZippedAction"
		description="Extracting all folders and files from the ZIP file"
		class="com.infogain.automation.installer.actions.PeripheralUnZippedAction"
		rollback="true" active="true" exitOnFail="true"
		peripheralSoftwareUpdatePhase="COPYDEPENDENCYPHASE" retryCount="1">
		<PeripheralProperty propname="zippedLoc"
			propvalue="${fastest.installer.installationLocation}\\lib\\fastest-resources.zip">
		</PeripheralProperty>
		<PeripheralProperty propname="unZippedLoc"
			propvalue="${fastest.installer.installationLocation}\\">
		</PeripheralProperty>
	</PeripheralAction>
	<PeripheralAction name="PeripheralServerInstallAction"
		description="Installs fastest as windows service"
		class="com.infogain.automation.installer.actions.PeripheralServerInstallAction"
		rollback="true" active="true" exitOnFail="true"
		peripheralSoftwareUpdatePhase="INSTALLATIONPHASE" retryCount="1">
		<PeripheralProperty propname="winswExeLoc"
			propvalue="${fastest.installer.installationLocation}\\serviceInstaller\\fastest.exe">
		</PeripheralProperty>
		<PeripheralProperty propname="serviceId"
			propvalue="fastest">
		</PeripheralProperty>
	</PeripheralAction>
	<PeripheralAction name="PeripheralServerStartAction"
		description="Starts fastest as windows service"
		class="com.infogain.automation.installer.actions.PeripheralServerStartAction"
		rollback="true" active="true" exitOnFail="true"
		peripheralSoftwareUpdatePhase="APPLICATION_RUN_PHASE" retryCount="1">
		<PeripheralProperty propname="winswExeLoc"
			propvalue="${fastest.installer.installationLocation}\\serviceInstaller\\fastest.exe">
		</PeripheralProperty>
		<PeripheralProperty propname="serviceId"
			propvalue="fastest">
		</PeripheralProperty>
	</PeripheralAction>
</PeripheralProject>