<?xml version="1.0" encoding="UTF-8"?>
<service>
    <id>fastest</id>
    <name>FasTest</name>
    <description>This service runs the FasTest Automation Testing Framework</description>
	<env name="installation-drive" value="D:"/>
	<env name="db-host" value="172.18.83.166"/>
	<env name="db-port" value="1526"/>
	<executable>java</executable>
<arguments>-jar "${installation-drive}\\fastest\lib\fastest-automation-1.0.6-SNAPSHOT.jar" --server.port=8098 "${installation-drive}\\fastest\conf\fastest.properties"</arguments>	
    <log mode="roll-by-size-time">
      <sizeThreshold>10240</sizeThreshold>
      <pattern>yyyyMMdd</pattern>
      <autoRollAtTime>00:00:00</autoRollAtTime>
      <zipOlderThanNumDays>90</zipOlderThanNumDays>
      <zipDateFormat>yyyyMM</zipDateFormat>
    </log>
    <logpath>${installation-drive}\\fastest\logs</logpath>
    <startmode>Automatic</startmode>                
</service>
