<?xml version="1.0" encoding="UTF-8"?><service>
    <id>fastest</id>
    <name>FasTest</name>
    <description>This service runs the FasTest Automation Testing Framework</description>
    <env name="installation-drive" value="D:\\fastest"/>
    <env name="server.port" value="8098"/>		
    <executable>java</executable>
    <arguments> </arguments>
    <log mode="roll-by-size-time">
      <sizeThreshold>10240</sizeThreshold>
      <pattern>yyyyMMdd</pattern>
      <autoRollAtTime>12:00:00</autoRollAtTime>
      <zipOlderThanNumDays>90</zipOlderThanNumDays>
      <zipDateFormat>yyyyMM</zipDateFormat>
    </log>
    <logpath>D:\\fastest\logs</logpath>
    <startmode>Automatic</startmode>                
</service>
