<?xml version="1.0" encoding="UTF-8"?><service>
    <id>fastest</id>
    <name>FasTest</name>
    <description>This service runs the FasTest Automation Testing Framework</description>
	<env name="installation-drive" value="D:"/>
	<env name="server.port" value="8085"/>
    <executable>java</executable>
    <arguments>-jar "%installation-drive%\\fastest\lib\fastest-automation-1.0.14-SNAPSHOT.jar"  --server.port=%server.port% --spring.profiles.active=prod "%installation-drive%\\fastest\conf\fastest.properties" 
</arguments>
    <log mode="roll-by-size-time">
      <sizeThreshold>10240</sizeThreshold>
      <pattern>yyyyMMdd</pattern>
      <autoRollAtTime>12:00:00</autoRollAtTime>
      <zipOlderThanNumDays>90</zipOlderThanNumDays>
      <zipDateFormat>yyyyMM</zipDateFormat>
    </log>
    <logpath>%installation-drive%\\fastest\logs</logpath>
    <startmode>Automatic</startmode>                
</service>